Date/Time,Word Count,en,zh-Hans-CN
2019.11.10-21.27.27,227,227,0
2019.11.10-21.30.47,227,227,6
2019.11.10-21.45.57,228,228,19
2019.11.10-21.50.41,228,228,4
2019.11.10-23.07.30,225,225,4
2019.11.11-09.59.28,225,225,10
2019.11.11-10.04.33,225,225,11
2019.11.11-10.56.41,225,225,35
2019.11.11-11.05.04,225,225,164
2019.11.13-13.43.35,310,310,163
2019.11.14-20.05.54,316,316,198
2019.11.17-19.22.41,324,324,204
2019.11.17-20.54.41,317,317,199
2019.11.17-20.56.18,317,317,205
2019.11.19-10.54.00,317,317,199
2020.03.11-12.07.49,317,317,205
